LH chapter;Feature name;Feature Desc
1.1;aaaaa;lksajdflökjsda 
1.2;bbbbb;askdlfjölasd kjsdfk öjasdkfj öljasdföj
1.3;ccccc;asdkfjölaksdjf kasjdkljkl j
1.4;dddddddddd;qweioupeu qweiouqwoeiu 
1.5;eeeeee;nvx,mvnx,mcnvkjesfj
1.6;ffff fffff fffffffffffff;jsldkfjuqen,nc
1.7;ggg gggggggggggg;kjsadfoiqwekn,ncv sadfkjs 
1.8;hh hhhhhh hh;sdfjlqieu jkdfj asdfiojq
1.9;ii iii iiiiiiiiii; kjsad fjlasjdflkj alsdj
1.10;jjjjj jjjjjjjjjjj;qiezghdvnv,vo osdfjkasjdf 
2.1;aaaaa;lksajdflökjsda 
2.2;bbbbb;askdlfjölasd kjsdfk öjasdkfj öljasdföj
2.3;ccccc;asdkfjölaksdjf kasjdkljkl j
2.4;dddddddddd;qweioupeu qweiouqwoeiu 
2.5;eeeeee;nvx,mvnx,mcnvkjesfj
2.6;ffff fffff fffffffffffff;jsldkfjuqen,nc
2.7;ggg gggggggggggg;kjsadfoiqwekn,ncv sadfkjs 
2.8;hh hhhhhh hh;sdfjlqieu jkdfj asdfiojq
2.9;ii iii iiiiiiiiii; kjsad fjlasjdflkj alsdj
2.10;jjjjj jjjjjjjjjjj;qiezghdvnv,vo osdfjkasjdf 
3.1;aaaaa;lksajdflökjsda 
3.2;bbbbb;askdlfjölasd kjsdfk öjasdkfj öljasdföj
3.3;ccccc;asdkfjölaksdjf kasjdkljkl j
3.4;dddddddddd;qweioupeu qweiouqwoeiu 
3.5;eeeeee;nvx,mvnx,mcnvkjesfj
3.6;ffff fffff fffffffffffff;jsldkfjuqen,nc
3.7;ggg gggggggggggg;kjsadfoiqwekn,ncv sadfkjs 
3.8;hh hhhhhh hh;sdfjlqieu jkdfj asdfiojq
3.9;ii iii iiiiiiiiii; kjsad fjlasjdflkj alsdj
3.10;jjjjj jjjjjjjjjjj;qiezghdvnv,vo osdfjkasjdf 